scenarios_index,Ki
0,0.0000002
1,2.125E-07
2,0.000000225
3,2.375E-07
4,0.00000025
