sample_index,speciesS,initialAs,incubation_pd,time_to_symptoms,time_to_hospitalization,time_to_critical,time_to_death,recovery_rate_asymp,recovery_rate_mild,recovery_rate_hosp,recovery_rate_crit,fraction_symptomatic,fraction_severe,fraction_critical,cfr,fraction_dead,fraction_hospitalized,reduced_inf_of_det_cases,d_Sym,d_Sys,d_As,social_multiplier_1,social_multiplier_2,social_multiplier_3,socialDistance_time1,socialDistance_time2,socialDistance_time3
0,12830632,10,4.43777651159209,2.421851635753659,7.692779341187714,6.505790305318744,4.456095885547694,9.098402228787664,20.10173302133131,19.510694831447424,25.355661252435585,0.6336894936863575,0.41739456946284564,0.34440099207310526,0.003947215428994394,0.009456796321222276,0.6461422116056724,0.5313791023113363,0.25173397116361956,0.7484163038397583,0.0,0.9958943226433428,0.7259360919160617,0.2487138248148142,32,37,41
1,12830632,10,5.442167765386439,3.9391154057445346,9.939329284067341,8.218516213435281,4.058666208987196,10.035260791434435,19.45648741097347,19.94721487798739,31.478584673293753,0.7073618679611102,0.3341134388996755,0.22520390314726235,0.0029707490430161583,0.008891438347405677,0.765904658505332,0.6244590943807504,0.22716704459412054,0.7621880393315994,0.0,0.9320100112598922,0.8064785985474764,0.044748628341066084,32,37,41
